,Country ISO3,Country Name,year,value
0,AGO,Angola,2006,0.6038
1,ALB,Albania,2006,0.6607
2,ARE,United Arab Emirates,2006,0.5919
3,ARG,Argentina,2006,0.6829
4,ARM,Armenia,2006,
5,AUS,Australia,2006,0.7163
6,AUT,Austria,2006,0.6986
7,AZE,Azerbaijan,2006,
8,BDI,Burundi,2006,
9,BEL,Belgium,2006,0.7078
10,BEN,Benin,2006,0.5778
11,BFA,Burkina Faso,2006,0.5853
12,BGD,Bangladesh,2006,0.6269
13,BGR,Bulgaria,2006,0.687
14,BHR,Bahrain,2006,0.5894
15,BHS,"Bahamas, The",2006,
16,BIH,Bosnia and Herzegovina,2006,
17,BLR,Belarus,2006,
18,BLZ,Belize,2006,
19,BOL,Bolivia,2006,0.6335
20,BRA,Brazil,2006,0.6543
21,BRB,Barbados,2006,
22,BRN,Brunei Darussalam,2006,
23,BTN,Bhutan,2006,
24,BWA,Botswana,2006,0.6897
25,CAN,Canada,2006,0.7165
26,CHE,Switzerland,2006,0.6997
27,CHL,Chile,2006,0.6455
28,CHN,China,2006,0.6559999999999999
29,CIV,Cote d'Ivoire,2006,
30,CMR,Cameroon,2006,0.5865
31,COD,"Congo, Dem. Rep.",2006,
32,COL,Colombia,2006,0.7049
33,CPV,Cabo Verde,2006,
34,CRI,Costa Rica,2006,0.6936
35,CUB,Cuba,2006,
36,CYP,Cyprus,2006,0.643
37,CZE,Czech Republic,2006,0.6712
38,DEU,Germany,2006,0.7524
39,DNK,Denmark,2006,0.7462
40,DOM,Dominican Republic,2006,0.6639
41,DZA,Algeria,2006,0.6018
42,ECU,Ecuador,2006,0.6433
43,EGY,"Egypt, Arab Rep.",2006,0.5785
44,ESP,Spain,2006,0.7319
45,EST,Estonia,2006,0.6944
46,ETH,Ethiopia,2006,0.5945
47,FIN,Finland,2006,0.7958
48,FJI,Fiji,2006,
49,FRA,France,2006,0.652
50,GBR,United Kingdom,2006,0.7365
51,GEO,Georgia,2006,0.67
52,GHA,Ghana,2006,0.6652
53,GIN,Guinea,2006,
54,GMB,"Gambia, The",2006,0.6446
55,GRC,Greece,2006,0.654
56,GTM,Guatemala,2006,0.6066
57,GUY,Guyana,2006,
58,HND,Honduras,2006,0.6483
59,HRV,Croatia,2006,0.7145
60,HUN,Hungary,2006,0.6698
61,IDN,Indonesia,2006,0.6541
62,IND,India,2006,0.601
63,IRL,Ireland,2006,0.7335
64,IRN,"Iran, Islamic Rep.",2006,0.5802
65,IRQ,Iraq,2006,
66,ISL,Iceland,2006,0.7813
67,ISR,Israel,2006,0.6889
68,ITA,Italy,2006,0.6456
69,JAM,Jamaica,2006,0.7014
70,JOR,Jordan,2006,0.6109
71,JPN,Japan,2006,0.6447
72,KAZ,Kazakhstan,2006,0.6928
73,KEN,Kenya,2006,0.6485
74,KGZ,Kyrgyz Republic,2006,0.6741
75,KHM,Cambodia,2006,0.629
76,KOR,"Korea, Rep.",2006,0.6157
77,KWT,Kuwait,2006,0.6341
78,LAO,Lao PDR,2006,
79,LBN,Lebanon,2006,
80,LBR,Liberia,2006,
81,LKA,Sri Lanka,2006,0.7199
82,LSO,Lesotho,2006,0.6807
83,LTU,Lithuania,2006,0.7077
84,LUX,Luxembourg,2006,0.6671
85,LVA,Latvia,2006,0.7091
86,MAR,Morocco,2006,0.5826
87,MDA,Moldova,2006,0.7128
88,MDG,Madagascar,2006,0.6385
89,MDV,Maldives,2006,
90,MEX,Mexico,2006,0.6462
91,MKD,"Macedonia, FYR",2006,0.6983
92,MLI,Mali,2006,0.5994
93,MLT,Malta,2006,0.6518
94,MMR,Myanmar,2006,
95,MNE,Montenegro,2006,
96,MNG,Mongolia,2006,0.6821
97,MOZ,Mozambique,2006,
98,MRT,Mauritania,2006,0.5833
99,MUS,Mauritius,2006,0.6327
100,MWI,Malawi,2006,0.6435
101,MYS,Malaysia,2006,0.6509
102,NAM,Namibia,2006,0.6864
103,NGA,Nigeria,2006,0.6104
104,NIC,Nicaragua,2006,0.6566
105,NLD,Netherlands,2006,0.725
106,NOR,Norway,2006,0.7994
107,NPL,Nepal,2006,0.5477
108,NZL,New Zealand,2006,0.7509
109,OMN,Oman,2006,
110,PAK,Pakistan,2006,0.5433
111,PAN,Panama,2006,0.6935
112,PER,Peru,2006,0.6619
113,PHL,Philippines,2006,0.7516
114,POL,Poland,2006,0.6802
115,PRT,Portugal,2006,0.6922
116,PRY,Paraguay,2006,0.6556
117,QAT,Qatar,2006,
118,ROU,Romania,2006,0.6797
119,RUS,Russian Federation,2006,0.677
120,RWA,Rwanda,2006,
121,SAU,Saudi Arabia,2006,0.5241
122,SEN,Senegal,2006,
123,SGP,Singapore,2006,0.655
124,SLE,Sierra Leone,2006,
125,SLV,El Salvador,2006,0.6836
126,SRB,Serbia,2006,
127,SUR,Suriname,2006,
128,SVK,Slovak Republic,2006,0.6757
129,SVN,Slovenia,2006,0.6745
130,SWE,Sweden,2006,0.8133
131,SWZ,Swaziland,2006,
132,SYR,Syrian Arab Republic,2006,
133,TCD,Chad,2006,0.5246
134,TGO,Togo,2006,
135,THA,Thailand,2006,0.6832
136,TJK,Tajikistan,2006,
137,TLS,Timor-Leste,2006,
138,TTO,Trinidad and Tobago,2006,0.6797
139,TUN,Tunisia,2006,0.6288
140,TUR,Turkey,2006,0.585
141,TZA,Tanzania,2006,0.7038
142,UGA,Uganda,2006,0.6797
143,UKR,Ukraine,2006,0.6797
144,URY,Uruguay,2006,0.655
145,USA,United States,2006,0.7042
146,UZB,Uzbekistan,2006,0.6886
147,VEN,"Venezuela, RB",2006,0.6664
148,VNM,Vietnam,2006,
149,YEM,"Yemen, Rep.",2006,0.4594
150,ZAF,South Africa,2006,0.7125
151,ZMB,Zambia,2006,0.6358
152,ZWE,Zimbabwe,2006,0.6459999999999999
153,AGO,Angola,2007,0.6034
154,ALB,Albania,2007,0.6685
155,ARE,United Arab Emirates,2007,0.6184
156,ARG,Argentina,2007,0.6982
157,ARM,Armenia,2007,0.6651
158,AUS,Australia,2007,0.7204
159,AUT,Austria,2007,0.706
160,AZE,Azerbaijan,2007,0.6781
161,BDI,Burundi,2007,
162,BEL,Belgium,2007,0.7198
163,BEN,Benin,2007,0.5656
164,BFA,Burkina Faso,2007,0.5912
165,BGD,Bangladesh,2007,0.6314
166,BGR,Bulgaria,2007,0.7085
167,BHR,Bahrain,2007,0.5931
168,BHS,"Bahamas, The",2007,
169,BIH,Bosnia and Herzegovina,2007,
170,BLR,Belarus,2007,0.7113
171,BLZ,Belize,2007,0.6426
172,BOL,Bolivia,2007,0.6574
173,BRA,Brazil,2007,0.6637
174,BRB,Barbados,2007,
175,BRN,Brunei Darussalam,2007,
176,BTN,Bhutan,2007,
177,BWA,Botswana,2007,0.6797
178,CAN,Canada,2007,0.7198
179,CHE,Switzerland,2007,0.6924
180,CHL,Chile,2007,0.6482
181,CHN,China,2007,0.6643
182,CIV,Cote d'Ivoire,2007,
183,CMR,Cameroon,2007,0.5919
184,COD,"Congo, Dem. Rep.",2007,
185,COL,Colombia,2007,0.7090000000000001
186,CPV,Cabo Verde,2007,
187,CRI,Costa Rica,2007,0.7014
188,CUB,Cuba,2007,0.7169
189,CYP,Cyprus,2007,0.6522
190,CZE,Czech Republic,2007,0.6718
191,DEU,Germany,2007,0.7618
192,DNK,Denmark,2007,0.7519
193,DOM,Dominican Republic,2007,0.6705
194,DZA,Algeria,2007,0.6068
195,ECU,Ecuador,2007,0.6881
196,EGY,"Egypt, Arab Rep.",2007,0.5809
197,ESP,Spain,2007,0.7444
198,EST,Estonia,2007,0.7008
199,ETH,Ethiopia,2007,0.5991
200,FIN,Finland,2007,0.8044
201,FJI,Fiji,2007,
202,FRA,France,2007,0.6824
203,GBR,United Kingdom,2007,0.7441
204,GEO,Georgia,2007,0.6665
205,GHA,Ghana,2007,0.6725
206,GIN,Guinea,2007,
207,GMB,"Gambia, The",2007,0.6421
208,GRC,Greece,2007,0.6648
209,GTM,Guatemala,2007,0.6144
210,GUY,Guyana,2007,
211,HND,Honduras,2007,0.6661
212,HRV,Croatia,2007,0.721
213,HUN,Hungary,2007,0.6731
214,IDN,Indonesia,2007,0.655
215,IND,India,2007,0.5936
216,IRL,Ireland,2007,0.7457
217,IRN,"Iran, Islamic Rep.",2007,0.5903
218,IRQ,Iraq,2007,
219,ISL,Iceland,2007,0.7836
220,ISR,Israel,2007,0.6965
221,ITA,Italy,2007,0.6498
222,JAM,Jamaica,2007,0.6925
223,JOR,Jordan,2007,0.6203
224,JPN,Japan,2007,0.6455
225,KAZ,Kazakhstan,2007,0.6983
226,KEN,Kenya,2007,0.6508
227,KGZ,Kyrgyz Republic,2007,0.6653
228,KHM,Cambodia,2007,0.6353
229,KOR,"Korea, Rep.",2007,0.6409
230,KWT,Kuwait,2007,0.6409
231,LAO,Lao PDR,2007,
232,LBN,Lebanon,2007,
233,LBR,Liberia,2007,
234,LKA,Sri Lanka,2007,0.723
235,LSO,Lesotho,2007,0.7078
236,LTU,Lithuania,2007,0.7234
237,LUX,Luxembourg,2007,0.6786
238,LVA,Latvia,2007,0.7333
239,MAR,Morocco,2007,0.5676
240,MDA,Moldova,2007,0.7172
241,MDG,Madagascar,2007,0.6461
242,MDV,Maldives,2007,0.635
243,MEX,Mexico,2007,0.6441
244,MKD,"Macedonia, FYR",2007,0.6967
245,MLI,Mali,2007,0.6019
246,MLT,Malta,2007,0.6615
247,MMR,Myanmar,2007,
248,MNE,Montenegro,2007,
249,MNG,Mongolia,2007,0.6731
250,MOZ,Mozambique,2007,0.6883
251,MRT,Mauritania,2007,0.6022
252,MUS,Mauritius,2007,0.6487
253,MWI,Malawi,2007,0.648
254,MYS,Malaysia,2007,0.6444
255,NAM,Namibia,2007,0.7012
256,NGA,Nigeria,2007,0.6122
257,NIC,Nicaragua,2007,0.6458
258,NLD,Netherlands,2007,0.7383
259,NOR,Norway,2007,0.8059
260,NPL,Nepal,2007,0.5575
261,NZL,New Zealand,2007,0.7649
262,OMN,Oman,2007,0.5903
263,PAK,Pakistan,2007,0.5509
264,PAN,Panama,2007,0.6954
265,PER,Peru,2007,0.6624
266,PHL,Philippines,2007,0.7629
267,POL,Poland,2007,0.6756
268,PRT,Portugal,2007,0.6959
269,PRY,Paraguay,2007,0.6659
270,QAT,Qatar,2007,0.6041
271,ROU,Romania,2007,0.6859
272,RUS,Russian Federation,2007,0.6866
273,RWA,Rwanda,2007,
274,SAU,Saudi Arabia,2007,0.5647
275,SEN,Senegal,2007,
276,SGP,Singapore,2007,0.6609
277,SLE,Sierra Leone,2007,
278,SLV,El Salvador,2007,0.6853
279,SRB,Serbia,2007,
280,SUR,Suriname,2007,0.6794
281,SVK,Slovak Republic,2007,0.6797
282,SVN,Slovenia,2007,0.6842
283,SWE,Sweden,2007,0.8146
284,SWZ,Swaziland,2007,
285,SYR,Syrian Arab Republic,2007,0.6216
286,TCD,Chad,2007,0.5381
287,TGO,Togo,2007,
288,THA,Thailand,2007,0.6815
289,TJK,Tajikistan,2007,0.6578
290,TLS,Timor-Leste,2007,
291,TTO,Trinidad and Tobago,2007,0.6859
292,TUN,Tunisia,2007,0.6283
293,TUR,Turkey,2007,0.5768
294,TZA,Tanzania,2007,0.6969
295,UGA,Uganda,2007,0.6833
296,UKR,Ukraine,2007,0.679
297,URY,Uruguay,2007,0.6608
298,USA,United States,2007,0.7002
299,UZB,Uzbekistan,2007,0.6921
300,VEN,"Venezuela, RB",2007,0.6797
301,VNM,Vietnam,2007,0.6889
302,YEM,"Yemen, Rep.",2007,0.451
303,ZAF,South Africa,2007,0.7194
304,ZMB,Zambia,2007,0.6288
305,ZWE,Zimbabwe,2007,0.6464
306,AGO,Angola,2008,0.6032
307,ALB,Albania,2008,0.6591
308,ARE,United Arab Emirates,2008,0.622
309,ARG,Argentina,2008,0.7209
310,ARM,Armenia,2008,0.6677
311,AUS,Australia,2008,0.7241
312,AUT,Austria,2008,0.7153
313,AZE,Azerbaijan,2008,0.6856
314,BDI,Burundi,2008,
315,BEL,Belgium,2008,0.7163
316,BEN,Benin,2008,0.5582
317,BFA,Burkina Faso,2008,0.6029
318,BGD,Bangladesh,2008,0.6531
319,BGR,Bulgaria,2008,0.7077
320,BHR,Bahrain,2008,0.5927
321,BHS,"Bahamas, The",2008,
322,BIH,Bosnia and Herzegovina,2008,
323,BLR,Belarus,2008,0.7099
324,BLZ,Belize,2008,0.6609999999999999
325,BOL,Bolivia,2008,0.6667
326,BRA,Brazil,2008,0.6737
327,BRB,Barbados,2008,0.7188
328,BRN,Brunei Darussalam,2008,0.6392
329,BTN,Bhutan,2008,
330,BWA,Botswana,2008,0.6839
331,CAN,Canada,2008,0.7136
332,CHE,Switzerland,2008,0.736
333,CHL,Chile,2008,0.6818
334,CHN,China,2008,0.6878
335,CIV,Cote d'Ivoire,2008,
336,CMR,Cameroon,2008,0.6017
337,COD,"Congo, Dem. Rep.",2008,
338,COL,Colombia,2008,0.6944
339,CPV,Cabo Verde,2008,
340,CRI,Costa Rica,2008,0.7111
341,CUB,Cuba,2008,0.7195
342,CYP,Cyprus,2008,0.6694
343,CZE,Czech Republic,2008,0.677
344,DEU,Germany,2008,0.7394
345,DNK,Denmark,2008,0.7538
346,DOM,Dominican Republic,2008,0.6744
347,DZA,Algeria,2008,0.6111
348,ECU,Ecuador,2008,0.7091
349,EGY,"Egypt, Arab Rep.",2008,0.5832
350,ESP,Spain,2008,0.7281
351,EST,Estonia,2008,0.7076
352,ETH,Ethiopia,2008,0.5867
353,FIN,Finland,2008,0.8195
354,FJI,Fiji,2008,
355,FRA,France,2008,0.7341
356,GBR,United Kingdom,2008,0.7366
357,GEO,Georgia,2008,0.6654
358,GHA,Ghana,2008,0.6679
359,GIN,Guinea,2008,
360,GMB,"Gambia, The",2008,0.6622
361,GRC,Greece,2008,0.6727
362,GTM,Guatemala,2008,0.6072
363,GUY,Guyana,2008,
364,HND,Honduras,2008,0.696
365,HRV,Croatia,2008,0.6967
366,HUN,Hungary,2008,0.6867
367,IDN,Indonesia,2008,0.6473
368,IND,India,2008,0.606
369,IRL,Ireland,2008,0.7518
370,IRN,"Iran, Islamic Rep.",2008,0.6021
371,IRQ,Iraq,2008,
372,ISL,Iceland,2008,0.7999
373,ISR,Israel,2008,0.69
374,ITA,Italy,2008,0.6788
375,JAM,Jamaica,2008,0.698
376,JOR,Jordan,2008,0.6275
377,JPN,Japan,2008,0.6434
378,KAZ,Kazakhstan,2008,0.6976
379,KEN,Kenya,2008,0.6547
380,KGZ,Kyrgyz Republic,2008,0.7045
381,KHM,Cambodia,2008,0.6469
382,KOR,"Korea, Rep.",2008,0.6154
383,KWT,Kuwait,2008,0.6358
384,LAO,Lao PDR,2008,
385,LBN,Lebanon,2008,
386,LBR,Liberia,2008,
387,LKA,Sri Lanka,2008,0.7371
388,LSO,Lesotho,2008,0.732
389,LTU,Lithuania,2008,0.7222
390,LUX,Luxembourg,2008,0.6802
391,LVA,Latvia,2008,0.7397
392,MAR,Morocco,2008,0.5757
393,MDA,Moldova,2008,0.7244
394,MDG,Madagascar,2008,0.6736
395,MDV,Maldives,2008,0.6501
396,MEX,Mexico,2008,0.6441
397,MKD,"Macedonia, FYR",2008,0.6914
398,MLI,Mali,2008,0.6117
399,MLT,Malta,2008,0.6634
400,MMR,Myanmar,2008,
401,MNE,Montenegro,2008,
402,MNG,Mongolia,2008,0.7049
403,MOZ,Mozambique,2008,0.7266
404,MRT,Mauritania,2008,0.6117
405,MUS,Mauritius,2008,0.6466
406,MWI,Malawi,2008,0.6664
407,MYS,Malaysia,2008,0.6442
408,NAM,Namibia,2008,0.7141
409,NGA,Nigeria,2008,0.6339
410,NIC,Nicaragua,2008,0.6747
411,NLD,Netherlands,2008,0.7399
412,NOR,Norway,2008,0.8239
413,NPL,Nepal,2008,0.5942
414,NZL,New Zealand,2008,0.7859
415,OMN,Oman,2008,0.596
416,PAK,Pakistan,2008,0.5549
417,PAN,Panama,2008,0.7095
418,PER,Peru,2008,0.6959
419,PHL,Philippines,2008,0.7568
420,POL,Poland,2008,0.6951
421,PRT,Portugal,2008,0.7051
422,PRY,Paraguay,2008,0.6379
423,QAT,Qatar,2008,0.5948
424,ROU,Romania,2008,0.6763
425,RUS,Russian Federation,2008,0.6994
426,RWA,Rwanda,2008,
427,SAU,Saudi Arabia,2008,0.5537
428,SEN,Senegal,2008,
429,SGP,Singapore,2008,0.6625
430,SLE,Sierra Leone,2008,
431,SLV,El Salvador,2008,0.6875
432,SRB,Serbia,2008,
433,SUR,Suriname,2008,0.6674
434,SVK,Slovak Republic,2008,0.6824
435,SVN,Slovenia,2008,0.6937
436,SWE,Sweden,2008,0.8139
437,SWZ,Swaziland,2008,
438,SYR,Syrian Arab Republic,2008,0.6181
439,TCD,Chad,2008,0.529
440,TGO,Togo,2008,
441,THA,Thailand,2008,0.6917
442,TJK,Tajikistan,2008,0.6541
443,TLS,Timor-Leste,2008,
444,TTO,Trinidad and Tobago,2008,0.7245
445,TUN,Tunisia,2008,0.6295
446,TUR,Turkey,2008,0.5853
447,TZA,Tanzania,2008,0.7068
448,UGA,Uganda,2008,0.6981
449,UKR,Ukraine,2008,0.6856
450,URY,Uruguay,2008,0.6907
451,USA,United States,2008,0.7179
452,UZB,Uzbekistan,2008,0.6906
453,VEN,"Venezuela, RB",2008,0.6875
454,VNM,Vietnam,2008,0.6778
455,YEM,"Yemen, Rep.",2008,0.4664
456,ZAF,South Africa,2008,0.7232
457,ZMB,Zambia,2008,0.6205
458,ZWE,Zimbabwe,2008,0.6485
459,AGO,Angola,2009,0.6353
460,ALB,Albania,2009,0.6601
461,ARE,United Arab Emirates,2009,0.6198
462,ARG,Argentina,2009,0.7211
463,ARM,Armenia,2009,0.6619
464,AUS,Australia,2009,0.7282
465,AUT,Austria,2009,0.7031
466,AZE,Azerbaijan,2009,0.6626
467,BDI,Burundi,2009,
468,BEL,Belgium,2009,0.7165
469,BEN,Benin,2009,0.5643
470,BFA,Burkina Faso,2009,0.6081
471,BGD,Bangladesh,2009,0.6526
472,BGR,Bulgaria,2009,0.7072
473,BHR,Bahrain,2009,0.6136
474,BHS,"Bahamas, The",2009,0.7179
475,BIH,Bosnia and Herzegovina,2009,
476,BLR,Belarus,2009,0.7141
477,BLZ,Belize,2009,0.6636
478,BOL,Bolivia,2009,0.6693
479,BRA,Brazil,2009,0.6695
480,BRB,Barbados,2009,0.7236
481,BRN,Brunei Darussalam,2009,0.6524
482,BTN,Bhutan,2009,
483,BWA,Botswana,2009,0.7071
484,CAN,Canada,2009,0.7196
485,CHE,Switzerland,2009,0.7426
486,CHL,Chile,2009,0.6884
487,CHN,China,2009,0.6907
488,CIV,Cote d'Ivoire,2009,
489,CMR,Cameroon,2009,0.6108
490,COD,"Congo, Dem. Rep.",2009,
491,COL,Colombia,2009,0.6939
492,CPV,Cabo Verde,2009,
493,CRI,Costa Rica,2009,0.718
494,CUB,Cuba,2009,0.7176
495,CYP,Cyprus,2009,0.6706
496,CZE,Czech Republic,2009,0.6789
497,DEU,Germany,2009,0.7449
498,DNK,Denmark,2009,0.7628
499,DOM,Dominican Republic,2009,0.6859
500,DZA,Algeria,2009,0.6119
501,ECU,Ecuador,2009,0.722
502,EGY,"Egypt, Arab Rep.",2009,0.5862
503,ESP,Spain,2009,0.7345
504,EST,Estonia,2009,0.7094
505,ETH,Ethiopia,2009,0.5948
506,FIN,Finland,2009,0.8252
507,FJI,Fiji,2009,0.6414
508,FRA,France,2009,0.7331
509,GBR,United Kingdom,2009,0.7402
510,GEO,Georgia,2009,0.6679999999999999
511,GHA,Ghana,2009,0.6704
512,GIN,Guinea,2009,
513,GMB,"Gambia, The",2009,0.6752
514,GRC,Greece,2009,0.6662
515,GTM,Guatemala,2009,0.6209
516,GUY,Guyana,2009,0.7108
517,HND,Honduras,2009,0.6893
518,HRV,Croatia,2009,0.6944
519,HUN,Hungary,2009,0.6879
520,IDN,Indonesia,2009,0.6579999999999999
521,IND,India,2009,0.6151
522,IRL,Ireland,2009,0.7597
523,IRN,"Iran, Islamic Rep.",2009,0.5839
524,IRQ,Iraq,2009,
525,ISL,Iceland,2009,0.8276
526,ISR,Israel,2009,0.7019
527,ITA,Italy,2009,0.6798
528,JAM,Jamaica,2009,0.7013
529,JOR,Jordan,2009,0.6182
530,JPN,Japan,2009,0.6445
531,KAZ,Kazakhstan,2009,0.7013
532,KEN,Kenya,2009,0.6512
533,KGZ,Kyrgyz Republic,2009,0.7058
534,KHM,Cambodia,2009,0.6409999999999999
535,KOR,"Korea, Rep.",2009,0.6146
536,KWT,Kuwait,2009,0.6356
537,LAO,Lao PDR,2009,
538,LBN,Lebanon,2009,
539,LBR,Liberia,2009,
540,LKA,Sri Lanka,2009,0.7402
541,LSO,Lesotho,2009,0.7495
542,LTU,Lithuania,2009,0.7175
543,LUX,Luxembourg,2009,0.6889
544,LVA,Latvia,2009,0.7416
545,MAR,Morocco,2009,0.5926
546,MDA,Moldova,2009,0.7104
547,MDG,Madagascar,2009,0.6732
548,MDV,Maldives,2009,0.6482
549,MEX,Mexico,2009,0.6503
550,MKD,"Macedonia, FYR",2009,0.695
551,MLI,Mali,2009,0.586
552,MLT,Malta,2009,0.6635
553,MMR,Myanmar,2009,
554,MNE,Montenegro,2009,
555,MNG,Mongolia,2009,0.7221
556,MOZ,Mozambique,2009,0.7195
557,MRT,Mauritania,2009,0.6103
558,MUS,Mauritius,2009,0.6513
559,MWI,Malawi,2009,0.6738
560,MYS,Malaysia,2009,0.6467
561,NAM,Namibia,2009,0.7167
562,NGA,Nigeria,2009,0.628
563,NIC,Nicaragua,2009,0.7002
564,NLD,Netherlands,2009,0.7490000000000001
565,NOR,Norway,2009,0.8227
566,NPL,Nepal,2009,0.6213
567,NZL,New Zealand,2009,0.7879999999999999
568,OMN,Oman,2009,0.5938
569,PAK,Pakistan,2009,0.5458
570,PAN,Panama,2009,0.7024
571,PER,Peru,2009,0.7024
572,PHL,Philippines,2009,0.7579
573,POL,Poland,2009,0.6998
574,PRT,Portugal,2009,0.7013
575,PRY,Paraguay,2009,0.6868
576,QAT,Qatar,2009,0.5907
577,ROU,Romania,2009,0.6805
578,RUS,Russian Federation,2009,0.6987
579,RWA,Rwanda,2009,
580,SAU,Saudi Arabia,2009,0.5651
581,SEN,Senegal,2009,0.6427
582,SGP,Singapore,2009,0.6664
583,SLE,Sierra Leone,2009,
584,SLV,El Salvador,2009,0.6939
585,SRB,Serbia,2009,
586,SUR,Suriname,2009,0.6726
587,SVK,Slovak Republic,2009,0.6845
588,SVN,Slovenia,2009,0.6982
589,SWE,Sweden,2009,0.8139
590,SWZ,Swaziland,2009,
591,SYR,Syrian Arab Republic,2009,0.6072
592,TCD,Chad,2009,0.5417
593,TGO,Togo,2009,
594,THA,Thailand,2009,0.6907
595,TJK,Tajikistan,2009,0.6661
596,TLS,Timor-Leste,2009,
597,TTO,Trinidad and Tobago,2009,0.7298
598,TUN,Tunisia,2009,0.6233
599,TUR,Turkey,2009,0.5828
600,TZA,Tanzania,2009,0.6797
601,UGA,Uganda,2009,0.7067
602,UKR,Ukraine,2009,0.6896
603,URY,Uruguay,2009,0.6936
604,USA,United States,2009,0.7173
605,UZB,Uzbekistan,2009,0.6913
606,VEN,"Venezuela, RB",2009,0.6839
607,VNM,Vietnam,2009,0.6802
608,YEM,"Yemen, Rep.",2009,0.4609
609,ZAF,South Africa,2009,0.7709
610,ZMB,Zambia,2009,0.631
611,ZWE,Zimbabwe,2009,0.6518
612,AGO,Angola,2010,0.6712
613,ALB,Albania,2010,0.6726
614,ARE,United Arab Emirates,2010,0.6397
615,ARG,Argentina,2010,0.7187
616,ARM,Armenia,2010,0.6669
617,AUS,Australia,2010,0.7271
618,AUT,Austria,2010,0.7091
619,AZE,Azerbaijan,2010,0.6446
620,BDI,Burundi,2010,
621,BEL,Belgium,2010,0.7509
622,BEN,Benin,2010,0.5719
623,BFA,Burkina Faso,2010,0.6162
624,BGD,Bangladesh,2010,0.6702
625,BGR,Bulgaria,2010,0.6983
626,BHR,Bahrain,2010,0.6217
627,BHS,"Bahamas, The",2010,0.7128
628,BIH,Bosnia and Herzegovina,2010,
629,BLR,Belarus,2010,
630,BLZ,Belize,2010,0.6536
631,BOL,Bolivia,2010,0.6751
632,BRA,Brazil,2010,0.6655
633,BRB,Barbados,2010,0.7176
634,BRN,Brunei Darussalam,2010,0.6748
635,BTN,Bhutan,2010,
636,BWA,Botswana,2010,0.6876
637,CAN,Canada,2010,0.7372
638,CHE,Switzerland,2010,0.7562
639,CHL,Chile,2010,0.7013
640,CHN,China,2010,0.6881
641,CIV,Cote d'Ivoire,2010,0.5691
642,CMR,Cameroon,2010,0.611
643,COD,"Congo, Dem. Rep.",2010,
644,COL,Colombia,2010,0.6927
645,CPV,Cabo Verde,2010,
646,CRI,Costa Rica,2010,0.7194
647,CUB,Cuba,2010,0.7253
648,CYP,Cyprus,2010,0.6642
649,CZE,Czech Republic,2010,0.685
650,DEU,Germany,2010,0.753
651,DNK,Denmark,2010,0.7719
652,DOM,Dominican Republic,2010,0.6774
653,DZA,Algeria,2010,0.6052
654,ECU,Ecuador,2010,0.7072
655,EGY,"Egypt, Arab Rep.",2010,0.5899
656,ESP,Spain,2010,0.7554
657,EST,Estonia,2010,0.7018
658,ETH,Ethiopia,2010,0.6019
659,FIN,Finland,2010,0.826
660,FJI,Fiji,2010,0.6256
661,FRA,France,2010,0.7025
662,GBR,United Kingdom,2010,0.746
663,GEO,Georgia,2010,0.6598
664,GHA,Ghana,2010,0.6782
665,GIN,Guinea,2010,
666,GMB,"Gambia, The",2010,0.6762
667,GRC,Greece,2010,0.6908
668,GTM,Guatemala,2010,0.6238
669,GUY,Guyana,2010,0.7090000000000001
670,HND,Honduras,2010,0.6927
671,HRV,Croatia,2010,0.6939
672,HUN,Hungary,2010,0.672
673,IDN,Indonesia,2010,0.6615
674,IND,India,2010,0.6155
675,IRL,Ireland,2010,0.7773
676,IRN,"Iran, Islamic Rep.",2010,0.5933
677,IRQ,Iraq,2010,
678,ISL,Iceland,2010,0.8496
679,ISR,Israel,2010,0.6957
680,ITA,Italy,2010,0.6765
681,JAM,Jamaica,2010,0.7037
682,JOR,Jordan,2010,0.6048
683,JPN,Japan,2010,0.6524
684,KAZ,Kazakhstan,2010,0.7055
685,KEN,Kenya,2010,0.6499
686,KGZ,Kyrgyz Republic,2010,0.6973
687,KHM,Cambodia,2010,0.6482
688,KOR,"Korea, Rep.",2010,0.6342
689,KWT,Kuwait,2010,0.6318
690,LAO,Lao PDR,2010,
691,LBN,Lebanon,2010,0.6084
692,LBR,Liberia,2010,
693,LKA,Sri Lanka,2010,0.7458
694,LSO,Lesotho,2010,0.7678
695,LTU,Lithuania,2010,0.7132
696,LUX,Luxembourg,2010,0.7231
697,LVA,Latvia,2010,0.7429
698,MAR,Morocco,2010,0.5767
699,MDA,Moldova,2010,0.716
700,MDG,Madagascar,2010,0.6713
701,MDV,Maldives,2010,0.6452
702,MEX,Mexico,2010,0.6577
703,MKD,"Macedonia, FYR",2010,0.6996
704,MLI,Mali,2010,0.568
705,MLT,Malta,2010,0.6695
706,MMR,Myanmar,2010,
707,MNE,Montenegro,2010,
708,MNG,Mongolia,2010,0.7194
709,MOZ,Mozambique,2010,0.7329
710,MRT,Mauritania,2010,0.6152
711,MUS,Mauritius,2010,0.652
712,MWI,Malawi,2010,0.6824
713,MYS,Malaysia,2010,0.6479
714,NAM,Namibia,2010,0.7238
715,NGA,Nigeria,2010,0.6055
716,NIC,Nicaragua,2010,0.7176
717,NLD,Netherlands,2010,0.7444
718,NOR,Norway,2010,0.8404
719,NPL,Nepal,2010,0.6084
720,NZL,New Zealand,2010,0.7808
721,OMN,Oman,2010,0.595
722,PAK,Pakistan,2010,0.5465
723,PAN,Panama,2010,0.7072
724,PER,Peru,2010,0.6895
725,PHL,Philippines,2010,0.7654
726,POL,Poland,2010,0.7037
727,PRT,Portugal,2010,0.7171
728,PRY,Paraguay,2010,0.6804
729,QAT,Qatar,2010,0.6059
730,ROU,Romania,2010,0.6826
731,RUS,Russian Federation,2010,0.7036
732,RWA,Rwanda,2010,
733,SAU,Saudi Arabia,2010,0.5713
734,SEN,Senegal,2010,0.6414
735,SGP,Singapore,2010,0.6914
736,SLE,Sierra Leone,2010,
737,SLV,El Salvador,2010,0.6596
738,SRB,Serbia,2010,
739,SUR,Suriname,2010,0.6407
740,SVK,Slovak Republic,2010,0.6778
741,SVN,Slovenia,2010,0.7047
742,SWE,Sweden,2010,0.8024
743,SWZ,Swaziland,2010,
744,SYR,Syrian Arab Republic,2010,0.5926
745,TCD,Chad,2010,0.5329999999999999
746,TGO,Togo,2010,
747,THA,Thailand,2010,0.691
748,TJK,Tajikistan,2010,0.6598
749,TLS,Timor-Leste,2010,
750,TTO,Trinidad and Tobago,2010,0.7353
751,TUN,Tunisia,2010,0.6266
752,TUR,Turkey,2010,0.5876
753,TZA,Tanzania,2010,0.6829
754,UGA,Uganda,2010,0.7169
755,UKR,Ukraine,2010,0.6869
756,URY,Uruguay,2010,0.6897
757,USA,United States,2010,0.7411
758,UZB,Uzbekistan,2010,
759,VEN,"Venezuela, RB",2010,0.6863
760,VNM,Vietnam,2010,0.6776
761,YEM,"Yemen, Rep.",2010,0.4603
762,ZAF,South Africa,2010,0.7535
763,ZMB,Zambia,2010,0.6293
764,ZWE,Zimbabwe,2010,0.6574
765,AGO,Angola,2011,0.6624
766,ALB,Albania,2011,0.6748
767,ARE,United Arab Emirates,2011,0.6454
768,ARG,Argentina,2011,0.7236
769,ARM,Armenia,2011,0.6654
770,AUS,Australia,2011,0.7291
771,AUT,Austria,2011,0.7165
772,AZE,Azerbaijan,2011,0.6577
773,BDI,Burundi,2011,0.727
774,BEL,Belgium,2011,0.7531
775,BEN,Benin,2011,0.5832
776,BFA,Burkina Faso,2011,0.6153
777,BGD,Bangladesh,2011,0.6812
778,BGR,Bulgaria,2011,0.6987
779,BHR,Bahrain,2011,0.6232
780,BHS,"Bahamas, The",2011,0.7340000000000001
781,BIH,Bosnia and Herzegovina,2011,
782,BLR,Belarus,2011,
783,BLZ,Belize,2011,0.6489
784,BOL,Bolivia,2011,0.6862
785,BRA,Brazil,2011,0.6679
786,BRB,Barbados,2011,0.7170000000000001
787,BRN,Brunei Darussalam,2011,0.6787
788,BTN,Bhutan,2011,
789,BWA,Botswana,2011,0.6832
790,CAN,Canada,2011,0.7407
791,CHE,Switzerland,2011,0.7627
792,CHL,Chile,2011,0.703
793,CHN,China,2011,0.6866
794,CIV,Cote d'Ivoire,2011,0.5773
795,CMR,Cameroon,2011,0.6073
796,COD,"Congo, Dem. Rep.",2011,
797,COL,Colombia,2011,0.6714
798,CPV,Cabo Verde,2011,
799,CRI,Costa Rica,2011,0.7266
800,CUB,Cuba,2011,0.7394
801,CYP,Cyprus,2011,0.6567
802,CZE,Czech Republic,2011,0.6789
803,DEU,Germany,2011,0.759
804,DNK,Denmark,2011,0.7778
805,DOM,Dominican Republic,2011,0.6682
806,DZA,Algeria,2011,0.5991
807,ECU,Ecuador,2011,0.7035
808,EGY,"Egypt, Arab Rep.",2011,0.5933
809,ESP,Spain,2011,0.758
810,EST,Estonia,2011,0.6983
811,ETH,Ethiopia,2011,0.6136
812,FIN,Finland,2011,0.8383
813,FJI,Fiji,2011,0.6255
814,FRA,France,2011,0.7018
815,GBR,United Kingdom,2011,0.7462
816,GEO,Georgia,2011,0.6624
817,GHA,Ghana,2011,0.6811
818,GIN,Guinea,2011,
819,GMB,"Gambia, The",2011,0.6763
820,GRC,Greece,2011,0.6916
821,GTM,Guatemala,2011,0.6229
822,GUY,Guyana,2011,0.7084
823,HND,Honduras,2011,0.6945
824,HRV,Croatia,2011,0.7006
825,HUN,Hungary,2011,0.6642
826,IDN,Indonesia,2011,0.6594
827,IND,India,2011,0.619
828,IRL,Ireland,2011,0.7829999999999999
829,IRN,"Iran, Islamic Rep.",2011,0.5894
830,IRQ,Iraq,2011,
831,ISL,Iceland,2011,0.853
832,ISR,Israel,2011,0.6926
833,ITA,Italy,2011,0.6796
834,JAM,Jamaica,2011,0.7028
835,JOR,Jordan,2011,0.6117
836,JPN,Japan,2011,0.6514
837,KAZ,Kazakhstan,2011,0.701
838,KEN,Kenya,2011,0.6493
839,KGZ,Kyrgyz Republic,2011,0.7036
840,KHM,Cambodia,2011,0.6464
841,KOR,"Korea, Rep.",2011,0.6281
842,KWT,Kuwait,2011,0.6322
843,LAO,Lao PDR,2011,
844,LBN,Lebanon,2011,0.6083
845,LBR,Liberia,2011,
846,LKA,Sri Lanka,2011,0.7212
847,LSO,Lesotho,2011,0.7666
848,LTU,Lithuania,2011,0.7131
849,LUX,Luxembourg,2011,0.7216
850,LVA,Latvia,2011,0.7399
851,MAR,Morocco,2011,0.5804
852,MDA,Moldova,2011,0.7083
853,MDG,Madagascar,2011,0.6797
854,MDV,Maldives,2011,0.648
855,MEX,Mexico,2011,0.6604
856,MKD,"Macedonia, FYR",2011,0.6966
857,MLI,Mali,2011,0.5752
858,MLT,Malta,2011,0.6658
859,MMR,Myanmar,2011,
860,MNE,Montenegro,2011,
861,MNG,Mongolia,2011,0.7140000000000001
862,MOZ,Mozambique,2011,0.7251
863,MRT,Mauritania,2011,0.6164
864,MUS,Mauritius,2011,0.6529
865,MWI,Malawi,2011,0.685
866,MYS,Malaysia,2011,0.6525
867,NAM,Namibia,2011,0.7177
868,NGA,Nigeria,2011,0.6011
869,NIC,Nicaragua,2011,0.7245
870,NLD,Netherlands,2011,0.747
871,NOR,Norway,2011,0.8404
872,NPL,Nepal,2011,0.5888
873,NZL,New Zealand,2011,0.7809999999999999
874,OMN,Oman,2011,0.5873
875,PAK,Pakistan,2011,0.5583
876,PAN,Panama,2011,0.7042
877,PER,Peru,2011,0.6796
878,PHL,Philippines,2011,0.7685
879,POL,Poland,2011,0.7038
880,PRT,Portugal,2011,0.7144
881,PRY,Paraguay,2011,0.6818
882,QAT,Qatar,2011,0.623
883,ROU,Romania,2011,0.6812
884,RUS,Russian Federation,2011,0.7037
885,RWA,Rwanda,2011,
886,SAU,Saudi Arabia,2011,0.5753
887,SEN,Senegal,2011,0.6573
888,SGP,Singapore,2011,0.6914
889,SLE,Sierra Leone,2011,
890,SLV,El Salvador,2011,0.6567
891,SRB,Serbia,2011,
892,SUR,Suriname,2011,0.6395
893,SVK,Slovak Republic,2011,0.6797
894,SVN,Slovenia,2011,0.7041
895,SWE,Sweden,2011,0.8044
896,SWZ,Swaziland,2011,
897,SYR,Syrian Arab Republic,2011,0.5896
898,TCD,Chad,2011,0.5334
899,TGO,Togo,2011,
900,THA,Thailand,2011,0.6892
901,TJK,Tajikistan,2011,0.6526
902,TLS,Timor-Leste,2011,
903,TTO,Trinidad and Tobago,2011,0.7372
904,TUN,Tunisia,2011,0.6255
905,TUR,Turkey,2011,0.5954
906,TZA,Tanzania,2011,0.6904
907,UGA,Uganda,2011,0.722
908,UKR,Ukraine,2011,0.6861
909,URY,Uruguay,2011,0.6907
910,USA,United States,2011,0.7412
911,UZB,Uzbekistan,2011,
912,VEN,"Venezuela, RB",2011,0.6861
913,VNM,Vietnam,2011,0.6732
914,YEM,"Yemen, Rep.",2011,0.4873
915,ZAF,South Africa,2011,0.7478
916,ZMB,Zambia,2011,0.63
917,ZWE,Zimbabwe,2011,0.6607
918,AGO,Angola,2012,
919,ALB,Albania,2012,0.6655
920,ARE,United Arab Emirates,2012,0.6392
921,ARG,Argentina,2012,0.7212
922,ARM,Armenia,2012,0.6636
923,AUS,Australia,2012,0.7294
924,AUT,Austria,2012,0.7391
925,AZE,Azerbaijan,2012,0.6546
926,BDI,Burundi,2012,0.7338
927,BEL,Belgium,2012,0.7652
928,BEN,Benin,2012,0.6258
929,BFA,Burkina Faso,2012,0.6455
930,BGD,Bangladesh,2012,0.6684
931,BGR,Bulgaria,2012,0.7021
932,BHR,Bahrain,2012,0.6298
933,BHS,"Bahamas, The",2012,0.7156
934,BIH,Bosnia and Herzegovina,2012,
935,BLR,Belarus,2012,
936,BLZ,Belize,2012,0.6465
937,BOL,Bolivia,2012,0.7222
938,BRA,Brazil,2012,0.6909
939,BRB,Barbados,2012,0.7232
940,BRN,Brunei Darussalam,2012,0.675
941,BTN,Bhutan,2012,
942,BWA,Botswana,2012,0.6744
943,CAN,Canada,2012,0.7381
944,CHE,Switzerland,2012,0.7672
945,CHL,Chile,2012,0.6676
946,CHN,China,2012,0.6853
947,CIV,Cote d'Ivoire,2012,0.5785
948,CMR,Cameroon,2012,0.6291
949,COD,"Congo, Dem. Rep.",2012,
950,COL,Colombia,2012,0.6901
951,CPV,Cabo Verde,2012,0.718
952,CRI,Costa Rica,2012,0.7225
953,CUB,Cuba,2012,0.7417
954,CYP,Cyprus,2012,0.6732
955,CZE,Czech Republic,2012,0.6767
956,DEU,Germany,2012,0.7629
957,DNK,Denmark,2012,0.7777
958,DOM,Dominican Republic,2012,0.6659
959,DZA,Algeria,2012,0.6112
960,ECU,Ecuador,2012,0.7206
961,EGY,"Egypt, Arab Rep.",2012,0.5975
962,ESP,Spain,2012,0.7266
963,EST,Estonia,2012,0.6977
964,ETH,Ethiopia,2012,0.62
965,FIN,Finland,2012,0.8451
966,FJI,Fiji,2012,0.6285
967,FRA,France,2012,0.6984
968,GBR,United Kingdom,2012,0.7433
969,GEO,Georgia,2012,0.6691
970,GHA,Ghana,2012,0.6778
971,GIN,Guinea,2012,
972,GMB,"Gambia, The",2012,0.6629999999999999
973,GRC,Greece,2012,0.6716
974,GTM,Guatemala,2012,0.626
975,GUY,Guyana,2012,0.7119
976,HND,Honduras,2012,0.6763
977,HRV,Croatia,2012,0.7053
978,HUN,Hungary,2012,0.6718
979,IDN,Indonesia,2012,0.6591
980,IND,India,2012,0.6442
981,IRL,Ireland,2012,0.7839
982,IRN,"Iran, Islamic Rep.",2012,0.5927
983,IRQ,Iraq,2012,
984,ISL,Iceland,2012,0.8640000000000001
985,ISR,Israel,2012,0.6989
986,ITA,Italy,2012,0.6729
987,JAM,Jamaica,2012,0.7035
988,JOR,Jordan,2012,0.6103
989,JPN,Japan,2012,0.653
990,KAZ,Kazakhstan,2012,0.7213
991,KEN,Kenya,2012,0.6768
992,KGZ,Kyrgyz Republic,2012,0.7013
993,KHM,Cambodia,2012,0.6457
994,KOR,"Korea, Rep.",2012,0.6356
995,KWT,Kuwait,2012,0.632
996,LAO,Lao PDR,2012,
997,LBN,Lebanon,2012,0.603
998,LBR,Liberia,2012,
999,LKA,Sri Lanka,2012,0.7122
1000,LSO,Lesotho,2012,0.7608
1001,LTU,Lithuania,2012,0.7191
1002,LUX,Luxembourg,2012,0.7439
1003,LVA,Latvia,2012,0.7572
1004,MAR,Morocco,2012,0.5833
1005,MDA,Moldova,2012,0.7101
1006,MDG,Madagascar,2012,0.6982
1007,MDV,Maldives,2012,0.6616
1008,MEX,Mexico,2012,0.6712
1009,MKD,"Macedonia, FYR",2012,0.6968
1010,MLI,Mali,2012,0.5842
1011,MLT,Malta,2012,0.6666
1012,MMR,Myanmar,2012,
1013,MNE,Montenegro,2012,
1014,MNG,Mongolia,2012,0.7111
1015,MOZ,Mozambique,2012,0.735
1016,MRT,Mauritania,2012,0.6129
1017,MUS,Mauritius,2012,0.6547
1018,MWI,Malawi,2012,0.7166
1019,MYS,Malaysia,2012,0.6539
1020,NAM,Namibia,2012,0.7121
1021,NGA,Nigeria,2012,0.6315
1022,NIC,Nicaragua,2012,0.7697
1023,NLD,Netherlands,2012,0.7659
1024,NOR,Norway,2012,0.8403
1025,NPL,Nepal,2012,0.6026
1026,NZL,New Zealand,2012,0.7805
1027,OMN,Oman,2012,0.5986
1028,PAK,Pakistan,2012,0.5478
1029,PAN,Panama,2012,0.7122
1030,PER,Peru,2012,0.6742
1031,PHL,Philippines,2012,0.7757
1032,POL,Poland,2012,0.7015
1033,PRT,Portugal,2012,0.7071
1034,PRY,Paraguay,2012,0.6714
1035,QAT,Qatar,2012,0.6264
1036,ROU,Romania,2012,0.6859
1037,RUS,Russian Federation,2012,0.698
1038,RWA,Rwanda,2012,
1039,SAU,Saudi Arabia,2012,0.5731
1040,SEN,Senegal,2012,0.6657
1041,SGP,Singapore,2012,0.6989
1042,SLE,Sierra Leone,2012,
1043,SLV,El Salvador,2012,0.6629999999999999
1044,SRB,Serbia,2012,0.7037
1045,SUR,Suriname,2012,0.6409
1046,SVK,Slovak Republic,2012,0.6824
1047,SVN,Slovenia,2012,0.7132
1048,SWE,Sweden,2012,0.8159
1049,SWZ,Swaziland,2012,
1050,SYR,Syrian Arab Republic,2012,0.5626
1051,TCD,Chad,2012,0.5594
1052,TGO,Togo,2012,
1053,THA,Thailand,2012,0.6893
1054,TJK,Tajikistan,2012,0.6608
1055,TLS,Timor-Leste,2012,0.6855
1056,TTO,Trinidad and Tobago,2012,0.7116
1057,TUN,Tunisia,2012,
1058,TUR,Turkey,2012,0.6015
1059,TZA,Tanzania,2012,0.7091
1060,UGA,Uganda,2012,0.7228
1061,UKR,Ukraine,2012,0.6894
1062,URY,Uruguay,2012,0.6745
1063,USA,United States,2012,0.7373
1064,UZB,Uzbekistan,2012,
1065,VEN,"Venezuela, RB",2012,0.706
1066,VNM,Vietnam,2012,0.6867
1067,YEM,"Yemen, Rep.",2012,0.5054
1068,ZAF,South Africa,2012,0.7496
1069,ZMB,Zambia,2012,0.6279
1070,ZWE,Zimbabwe,2012,
1071,AGO,Angola,2013,0.6659
1072,ALB,Albania,2013,0.6412
1073,ARE,United Arab Emirates,2013,0.6372
1074,ARG,Argentina,2013,0.7195
1075,ARM,Armenia,2013,0.6634
1076,AUS,Australia,2013,0.7390000000000001
1077,AUT,Austria,2013,0.7437
1078,AZE,Azerbaijan,2013,0.6582
1079,BDI,Burundi,2013,0.7397
1080,BEL,Belgium,2013,0.7684
1081,BEN,Benin,2013,0.5885
1082,BFA,Burkina Faso,2013,0.6513
1083,BGD,Bangladesh,2013,0.6848
1084,BGR,Bulgaria,2013,0.7097
1085,BHR,Bahrain,2013,0.6334
1086,BHS,"Bahamas, The",2013,0.7128
1087,BIH,Bosnia and Herzegovina,2013,
1088,BLR,Belarus,2013,
1089,BLZ,Belize,2013,0.6449
1090,BOL,Bolivia,2013,0.7340000000000001
1091,BRA,Brazil,2013,0.6949
1092,BRB,Barbados,2013,0.7301
1093,BRN,Brunei Darussalam,2013,0.6729999999999999
1094,BTN,Bhutan,2013,0.6651
1095,BWA,Botswana,2013,0.6752
1096,CAN,Canada,2013,0.7425
1097,CHE,Switzerland,2013,0.7736
1098,CHL,Chile,2013,0.667
1099,CHN,China,2013,0.6908
1100,CIV,Cote d'Ivoire,2013,0.5814
1101,CMR,Cameroon,2013,0.6559999999999999
1102,COD,"Congo, Dem. Rep.",2013,
1103,COL,Colombia,2013,0.7171
1104,CPV,Cabo Verde,2013,0.7122
1105,CRI,Costa Rica,2013,0.7241
1106,CUB,Cuba,2013,0.754
1107,CYP,Cyprus,2013,0.6801
1108,CZE,Czech Republic,2013,0.677
1109,DEU,Germany,2013,0.7583
1110,DNK,Denmark,2013,0.7779
1111,DOM,Dominican Republic,2013,0.6867
1112,DZA,Algeria,2013,0.5966
1113,ECU,Ecuador,2013,0.7389
1114,EGY,"Egypt, Arab Rep.",2013,0.5935
1115,ESP,Spain,2013,0.7266
1116,EST,Estonia,2013,0.6997
1117,ETH,Ethiopia,2013,0.6198
1118,FIN,Finland,2013,0.8421
1119,FJI,Fiji,2013,0.6286
1120,FRA,France,2013,0.7089
1121,GBR,United Kingdom,2013,0.7440000000000001
1122,GEO,Georgia,2013,0.675
1123,GHA,Ghana,2013,0.6811
1124,GIN,Guinea,2013,
1125,GMB,"Gambia, The",2013,
1126,GRC,Greece,2013,0.6782
1127,GTM,Guatemala,2013,0.6304
1128,GUY,Guyana,2013,0.7085
1129,HND,Honduras,2013,0.6773
1130,HRV,Croatia,2013,0.7069
1131,HUN,Hungary,2013,0.6742
1132,IDN,Indonesia,2013,0.6613
1133,IND,India,2013,0.6551
1134,IRL,Ireland,2013,0.7823
1135,IRN,"Iran, Islamic Rep.",2013,0.5842
1136,IRQ,Iraq,2013,
1137,ISL,Iceland,2013,0.8731
1138,ISR,Israel,2013,0.7032
1139,ITA,Italy,2013,0.6885
1140,JAM,Jamaica,2013,0.7085
1141,JOR,Jordan,2013,0.6093
1142,JPN,Japan,2013,0.6498
1143,KAZ,Kazakhstan,2013,0.7218
1144,KEN,Kenya,2013,0.6803
1145,KGZ,Kyrgyz Republic,2013,0.6948
1146,KHM,Cambodia,2013,0.6509
1147,KOR,"Korea, Rep.",2013,0.6351
1148,KWT,Kuwait,2013,0.6292
1149,LAO,Lao PDR,2013,0.6993
1150,LBN,Lebanon,2013,0.6028
1151,LBR,Liberia,2013,
1152,LKA,Sri Lanka,2013,0.7019
1153,LSO,Lesotho,2013,0.753
1154,LTU,Lithuania,2013,0.7308
1155,LUX,Luxembourg,2013,0.741
1156,LVA,Latvia,2013,0.7609999999999999
1157,MAR,Morocco,2013,0.5845
1158,MDA,Moldova,2013,0.7037
1159,MDG,Madagascar,2013,0.7016
1160,MDV,Maldives,2013,0.6604
1161,MEX,Mexico,2013,0.6917
1162,MKD,"Macedonia, FYR",2013,0.7013
1163,MLI,Mali,2013,0.5872
1164,MLT,Malta,2013,0.6761
1165,MMR,Myanmar,2013,
1166,MNE,Montenegro,2013,
1167,MNG,Mongolia,2013,0.7204
1168,MOZ,Mozambique,2013,0.7349
1169,MRT,Mauritania,2013,0.581
1170,MUS,Mauritius,2013,0.6599
1171,MWI,Malawi,2013,0.7139
1172,MYS,Malaysia,2013,0.6518
1173,NAM,Namibia,2013,0.7094
1174,NGA,Nigeria,2013,0.6469
1175,NIC,Nicaragua,2013,0.7715
1176,NLD,Netherlands,2013,0.7608
1177,NOR,Norway,2013,0.8417
1178,NPL,Nepal,2013,0.6053
1179,NZL,New Zealand,2013,0.7799
1180,OMN,Oman,2013,0.6053
1181,PAK,Pakistan,2013,0.5459
1182,PAN,Panama,2013,0.7164
1183,PER,Peru,2013,0.6787
1184,PHL,Philippines,2013,0.7832
1185,POL,Poland,2013,0.7031
1186,PRT,Portugal,2013,0.7056
1187,PRY,Paraguay,2013,0.6724
1188,QAT,Qatar,2013,0.6299
1189,ROU,Romania,2013,0.6908
1190,RUS,Russian Federation,2013,0.6983
1191,RWA,Rwanda,2013,
1192,SAU,Saudi Arabia,2013,0.5879
1193,SEN,Senegal,2013,0.6923
1194,SGP,Singapore,2013,0.7
1195,SLE,Sierra Leone,2013,
1196,SLV,El Salvador,2013,0.6609
1197,SRB,Serbia,2013,0.7116
1198,SUR,Suriname,2013,0.6369
1199,SVK,Slovak Republic,2013,0.6857
1200,SVN,Slovenia,2013,0.7155
1201,SWE,Sweden,2013,0.8129
1202,SWZ,Swaziland,2013,
1203,SYR,Syrian Arab Republic,2013,0.5661
1204,TCD,Chad,2013,0.5588
1205,TGO,Togo,2013,
1206,THA,Thailand,2013,0.6928
1207,TJK,Tajikistan,2013,0.6682
1208,TLS,Timor-Leste,2013,
1209,TTO,Trinidad and Tobago,2013,0.7166
1210,TUN,Tunisia,2013,
1211,TUR,Turkey,2013,0.6081
1212,TZA,Tanzania,2013,0.6928
1213,UGA,Uganda,2013,0.7086
1214,UKR,Ukraine,2013,0.6935
1215,URY,Uruguay,2013,0.6803
1216,USA,United States,2013,0.7392
1217,UZB,Uzbekistan,2013,
1218,VEN,"Venezuela, RB",2013,0.706
1219,VNM,Vietnam,2013,0.6863
1220,YEM,"Yemen, Rep.",2013,0.5128
1221,ZAF,South Africa,2013,0.7509999999999999
1222,ZMB,Zambia,2013,0.6312
1223,ZWE,Zimbabwe,2013,
1224,AGO,Angola,2014,0.6311
1225,ALB,Albania,2014,0.6869
1226,ARE,United Arab Emirates,2014,0.6436
1227,ARG,Argentina,2014,0.7317
1228,ARM,Armenia,2014,0.6622
1229,AUS,Australia,2014,0.7409
1230,AUT,Austria,2014,0.7266
1231,AZE,Azerbaijan,2014,0.6753
1232,BDI,Burundi,2014,0.7565
1233,BEL,Belgium,2014,0.7809
1234,BEN,Benin,2014,
1235,BFA,Burkina Faso,2014,0.65
1236,BGD,Bangladesh,2014,0.6973
1237,BGR,Bulgaria,2014,0.7444
1238,BHR,Bahrain,2014,0.6261
1239,BHS,"Bahamas, The",2014,0.7269
1240,BIH,Bosnia and Herzegovina,2014,
1241,BLR,Belarus,2014,0.73
1242,BLZ,Belize,2014,0.6701
1243,BOL,Bolivia,2014,0.7049
1244,BRA,Brazil,2014,0.6941
1245,BRB,Barbados,2014,0.7289
1246,BRN,Brunei Darussalam,2014,0.6719
1247,BTN,Bhutan,2014,0.6364
1248,BWA,Botswana,2014,0.7129
1249,CAN,Canada,2014,0.7464
1250,CHE,Switzerland,2014,0.7798
1251,CHL,Chile,2014,0.6975
1252,CHN,China,2014,0.6829999999999999
1253,CIV,Cote d'Ivoire,2014,0.5874
1254,CMR,Cameroon,2014,
1255,COD,"Congo, Dem. Rep.",2014,
1256,COL,Colombia,2014,0.7122
1257,CPV,Cabo Verde,2014,0.7133
1258,CRI,Costa Rica,2014,0.7165
1259,CUB,Cuba,2014,0.7317
1260,CYP,Cyprus,2014,0.6741
1261,CZE,Czech Republic,2014,0.6737
1262,DEU,Germany,2014,0.778
1263,DNK,Denmark,2014,0.8025
1264,DOM,Dominican Republic,2014,0.6906
1265,DZA,Algeria,2014,0.6182
1266,ECU,Ecuador,2014,0.7455
1267,EGY,"Egypt, Arab Rep.",2014,0.6064
1268,ESP,Spain,2014,0.7325
1269,EST,Estonia,2014,0.7017
1270,ETH,Ethiopia,2014,0.6144
1271,FIN,Finland,2014,0.8453
1272,FJI,Fiji,2014,0.6286
1273,FRA,France,2014,0.7588
1274,GBR,United Kingdom,2014,0.7383
1275,GEO,Georgia,2014,0.6855
1276,GHA,Ghana,2014,0.6661
1277,GIN,Guinea,2014,0.6005
1278,GMB,"Gambia, The",2014,
1279,GRC,Greece,2014,0.6784
1280,GTM,Guatemala,2014,0.6821
1281,GUY,Guyana,2014,0.701
1282,HND,Honduras,2014,0.6935
1283,HRV,Croatia,2014,0.7075
1284,HUN,Hungary,2014,0.6759
1285,IDN,Indonesia,2014,0.6725
1286,IND,India,2014,0.6455
1287,IRL,Ireland,2014,0.785
1288,IRN,"Iran, Islamic Rep.",2014,0.5811
1289,IRQ,Iraq,2014,
1290,ISL,Iceland,2014,0.8594
1291,ISR,Israel,2014,0.7005
1292,ITA,Italy,2014,0.6973
1293,JAM,Jamaica,2014,0.7128
1294,JOR,Jordan,2014,0.5968
1295,JPN,Japan,2014,0.6584
1296,KAZ,Kazakhstan,2014,0.721
1297,KEN,Kenya,2014,0.7258
1298,KGZ,Kyrgyz Republic,2014,0.6974
1299,KHM,Cambodia,2014,0.652
1300,KOR,"Korea, Rep.",2014,0.6403
1301,KWT,Kuwait,2014,0.6457
1302,LAO,Lao PDR,2014,0.7044
1303,LBN,Lebanon,2014,0.5923
1304,LBR,Liberia,2014,0.6461
1305,LKA,Sri Lanka,2014,0.6903
1306,LSO,Lesotho,2014,0.7255
1307,LTU,Lithuania,2014,0.7208
1308,LUX,Luxembourg,2014,0.7333
1309,LVA,Latvia,2014,0.7691
1310,MAR,Morocco,2014,0.5988
1311,MDA,Moldova,2014,0.7405
1312,MDG,Madagascar,2014,0.7214
1313,MDV,Maldives,2014,0.6557
1314,MEX,Mexico,2014,0.69
1315,MKD,"Macedonia, FYR",2014,0.6943
1316,MLI,Mali,2014,0.5779
1317,MLT,Malta,2014,0.6707
1318,MMR,Myanmar,2014,
1319,MNE,Montenegro,2014,0.6934
1320,MNG,Mongolia,2014,0.7212
1321,MOZ,Mozambique,2014,0.737
1322,MRT,Mauritania,2014,0.6029
1323,MUS,Mauritius,2014,0.6541
1324,MWI,Malawi,2014,0.7281
1325,MYS,Malaysia,2014,0.652
1326,NAM,Namibia,2014,0.7219
1327,NGA,Nigeria,2014,0.6391
1328,NIC,Nicaragua,2014,0.7894
1329,NLD,Netherlands,2014,0.773
1330,NOR,Norway,2014,0.8374
1331,NPL,Nepal,2014,0.6458
1332,NZL,New Zealand,2014,0.7772
1333,OMN,Oman,2014,0.6091
1334,PAK,Pakistan,2014,0.5522
1335,PAN,Panama,2014,0.7195
1336,PER,Peru,2014,0.7198
1337,PHL,Philippines,2014,0.7814
1338,POL,Poland,2014,0.7051
1339,PRT,Portugal,2014,0.7243
1340,PRY,Paraguay,2014,0.6890000000000001
1341,QAT,Qatar,2014,0.6403
1342,ROU,Romania,2014,0.6936
1343,RUS,Russian Federation,2014,0.6927
1344,RWA,Rwanda,2014,0.7854
1345,SAU,Saudi Arabia,2014,0.6059
1346,SEN,Senegal,2014,0.6912
1347,SGP,Singapore,2014,0.7046
1348,SLE,Sierra Leone,2014,
1349,SLV,El Salvador,2014,0.6863
1350,SRB,Serbia,2014,0.7086
1351,SUR,Suriname,2014,0.6504
1352,SVK,Slovak Republic,2014,0.6806
1353,SVN,Slovenia,2014,0.7443
1354,SWE,Sweden,2014,0.8165
1355,SWZ,Swaziland,2014,0.6772
1356,SYR,Syrian Arab Republic,2014,0.5775
1357,TCD,Chad,2014,0.5764
1358,TGO,Togo,2014,
1359,THA,Thailand,2014,0.7027
1360,TJK,Tajikistan,2014,0.6654
1361,TLS,Timor-Leste,2014,
1362,TTO,Trinidad and Tobago,2014,0.7154
1363,TUN,Tunisia,2014,0.6272
1364,TUR,Turkey,2014,0.6183
1365,TZA,Tanzania,2014,0.7182
1366,UGA,Uganda,2014,0.6821
1367,UKR,Ukraine,2014,0.7056
1368,URY,Uruguay,2014,0.6871
1369,USA,United States,2014,0.7463
1370,UZB,Uzbekistan,2014,
1371,VEN,"Venezuela, RB",2014,0.6851
1372,VNM,Vietnam,2014,0.6915
1373,YEM,"Yemen, Rep.",2014,0.5145
1374,ZAF,South Africa,2014,0.7527
1375,ZMB,Zambia,2014,0.6364
1376,ZWE,Zimbabwe,2014,0.7013
1377,AGO,Angola,2015,0.637
1378,ALB,Albania,2015,0.701
1379,ARE,United Arab Emirates,2015,0.6459999999999999
1380,ARG,Argentina,2015,0.7340000000000001
1381,ARM,Armenia,2015,0.6679999999999999
1382,AUS,Australia,2015,0.733
1383,AUT,Austria,2015,0.733
1384,AZE,Azerbaijan,2015,0.675
1385,BDI,Burundi,2015,0.748
1386,BEL,Belgium,2015,0.753
1387,BEN,Benin,2015,0.625
1388,BFA,Burkina Faso,2015,0.6509999999999999
1389,BGD,Bangladesh,2015,0.7040000000000001
1390,BGR,Bulgaria,2015,0.722
1391,BHR,Bahrain,2015,0.644
1392,BHS,"Bahamas, The",2015,0.728
1393,BIH,Bosnia and Herzegovina,2015,
1394,BLR,Belarus,2015,0.7340000000000001
1395,BLZ,Belize,2015,0.6679999999999999
1396,BOL,Bolivia,2015,0.7490000000000001
1397,BRA,Brazil,2015,0.6859999999999999
1398,BRB,Barbados,2015,0.7440000000000001
1399,BRN,Brunei Darussalam,2015,0.684
1400,BTN,Bhutan,2015,0.6459999999999999
1401,BWA,Botswana,2015,0.71
1402,CAN,Canada,2015,0.74
1403,CHE,Switzerland,2015,0.785
1404,CHL,Chile,2015,0.698
1405,CHN,China,2015,0.682
1406,CIV,Cote d'Ivoire,2015,0.606
1407,CMR,Cameroon,2015,0.682
1408,COD,"Congo, Dem. Rep.",2015,
1409,COL,Colombia,2015,0.725
1410,CPV,Cabo Verde,2015,0.7170000000000001
1411,CRI,Costa Rica,2015,0.732
1412,CUB,Cuba,2015,0.74
1413,CYP,Cyprus,2015,0.6709999999999999
1414,CZE,Czech Republic,2015,0.687
1415,DEU,Germany,2015,0.779
1416,DNK,Denmark,2015,0.767
1417,DOM,Dominican Republic,2015,0.6859999999999999
1418,DZA,Algeria,2015,0.632
1419,ECU,Ecuador,2015,0.738
1420,EGY,"Egypt, Arab Rep.",2015,0.599
1421,ESP,Spain,2015,0.742
1422,EST,Estonia,2015,0.7490000000000001
1423,ETH,Ethiopia,2015,0.64
1424,FIN,Finland,2015,0.85
1425,FJI,Fiji,2015,0.645
1426,FRA,France,2015,0.7609999999999999
1427,GBR,United Kingdom,2015,0.758
1428,GEO,Georgia,2015,0.687
1429,GHA,Ghana,2015,0.7040000000000001
1430,GIN,Guinea,2015,0.618
1431,GMB,"Gambia, The",2015,0.674
1432,GRC,Greece,2015,0.685
1433,GTM,Guatemala,2015,0.667
1434,GUY,Guyana,2015,0.7020000000000001
1435,HND,Honduras,2015,0.688
1436,HRV,Croatia,2015,0.708
1437,HUN,Hungary,2015,0.672
1438,IDN,Indonesia,2015,0.6809999999999999
1439,IND,India,2015,0.664
1440,IRL,Ireland,2015,0.807
1441,IRN,"Iran, Islamic Rep.",2015,0.58
1442,IRQ,Iraq,2015,
1443,ISL,Iceland,2015,0.8809999999999999
1444,ISR,Israel,2015,0.7120000000000001
1445,ITA,Italy,2015,0.726
1446,JAM,Jamaica,2015,0.703
1447,JOR,Jordan,2015,0.593
1448,JPN,Japan,2015,0.67
1449,KAZ,Kazakhstan,2015,0.7190000000000001
1450,KEN,Kenya,2015,0.7190000000000001
1451,KGZ,Kyrgyz Republic,2015,0.693
1452,KHM,Cambodia,2015,0.662
1453,KOR,"Korea, Rep.",2015,0.6509999999999999
1454,KWT,Kuwait,2015,0.6459999999999999
1455,LAO,Lao PDR,2015,0.713
1456,LBN,Lebanon,2015,0.598
1457,LBR,Liberia,2015,0.652
1458,LKA,Sri Lanka,2015,0.6859999999999999
1459,LSO,Lesotho,2015,0.706
1460,LTU,Lithuania,2015,0.74
1461,LUX,Luxembourg,2015,0.738
1462,LVA,Latvia,2015,0.752
1463,MAR,Morocco,2015,0.593
1464,MDA,Moldova,2015,0.742
1465,MDG,Madagascar,2015,0.698
1466,MDV,Maldives,2015,0.652
1467,MEX,Mexico,2015,0.6990000000000001
1468,MKD,"Macedonia, FYR",2015,0.701
1469,MLI,Mali,2015,0.599
1470,MLT,Malta,2015,0.6679999999999999
1471,MMR,Myanmar,2015,
1472,MNE,Montenegro,2015,0.6890000000000001
1473,MNG,Mongolia,2015,0.7090000000000001
1474,MOZ,Mozambique,2015,0.741
1475,MRT,Mauritania,2015,0.613
1476,MUS,Mauritius,2015,0.6459999999999999
1477,MWI,Malawi,2015,0.701
1478,MYS,Malaysia,2015,0.655
1479,NAM,Namibia,2015,0.76
1480,NGA,Nigeria,2015,0.638
1481,NIC,Nicaragua,2015,0.7759999999999999
1482,NLD,Netherlands,2015,0.7759999999999999
1483,NOR,Norway,2015,0.85
1484,NPL,Nepal,2015,0.6579999999999999
1485,NZL,New Zealand,2015,0.782
1486,OMN,Oman,2015,0.604
1487,PAK,Pakistan,2015,0.5589999999999999
1488,PAN,Panama,2015,0.722
1489,PER,Peru,2015,0.6829999999999999
1490,PHL,Philippines,2015,0.79
1491,POL,Poland,2015,0.715
1492,PRT,Portugal,2015,0.731
1493,PRY,Paraguay,2015,0.6659999999999999
1494,QAT,Qatar,2015,0.645
1495,ROU,Romania,2015,0.693
1496,RUS,Russian Federation,2015,0.6940000000000001
1497,RWA,Rwanda,2015,0.794
1498,SAU,Saudi Arabia,2015,0.605
1499,SEN,Senegal,2015,0.698
1500,SGP,Singapore,2015,0.711
1501,SLE,Sierra Leone,2015,
1502,SLV,El Salvador,2015,0.706
1503,SRB,Serbia,2015,0.72
1504,SUR,Suriname,2015,0.6779999999999999
1505,SVK,Slovak Republic,2015,0.675
1506,SVN,Slovenia,2015,0.784
1507,SWE,Sweden,2015,0.823
1508,SWZ,Swaziland,2015,0.67
1509,SYR,Syrian Arab Republic,2015,0.568
1510,TCD,Chad,2015,0.58
1511,TGO,Togo,2015,
1512,THA,Thailand,2015,0.706
1513,TJK,Tajikistan,2015,0.675
1514,TLS,Timor-Leste,2015,
1515,TTO,Trinidad and Tobago,2015,0.72
1516,TUN,Tunisia,2015,0.634
1517,TUR,Turkey,2015,0.624
1518,TZA,Tanzania,2015,0.718
1519,UGA,Uganda,2015,0.708
1520,UKR,Ukraine,2015,0.7020000000000001
1521,URY,Uruguay,2015,0.679
1522,USA,United States,2015,0.74
1523,UZB,Uzbekistan,2015,
1524,VEN,"Venezuela, RB",2015,0.691
1525,VNM,Vietnam,2015,0.687
1526,YEM,"Yemen, Rep.",2015,0.484
1527,ZAF,South Africa,2015,0.759
1528,ZMB,Zambia,2015,0.65
1529,ZWE,Zimbabwe,2015,0.7090000000000001
1530,AGO,Angola,2016,0.643
1531,ALB,Albania,2016,0.7040000000000001
1532,ARE,United Arab Emirates,2016,0.639
1533,ARG,Argentina,2016,0.735
1534,ARM,Armenia,2016,0.669
1535,AUS,Australia,2016,0.721
1536,AUT,Austria,2016,0.716
1537,AZE,Azerbaijan,2016,0.684
1538,BDI,Burundi,2016,0.768
1539,BEL,Belgium,2016,0.745
1540,BEN,Benin,2016,0.636
1541,BFA,Burkina Faso,2016,0.64
1542,BGD,Bangladesh,2016,0.698
1543,BGR,Bulgaria,2016,0.726
1544,BHR,Bahrain,2016,0.615
1545,BHS,"Bahamas, The",2016,0.7290000000000001
1546,BIH,Bosnia and Herzegovina,2016,0.685
1547,BLR,Belarus,2016,0.737
1548,BLZ,Belize,2016,0.6759999999999999
1549,BOL,Bolivia,2016,0.746
1550,BRA,Brazil,2016,0.687
1551,BRB,Barbados,2016,0.7390000000000001
1552,BRN,Brunei Darussalam,2016,0.669
1553,BTN,Bhutan,2016,0.642
1554,BWA,Botswana,2016,0.715
1555,CAN,Canada,2016,0.731
1556,CHE,Switzerland,2016,0.7759999999999999
1557,CHL,Chile,2016,0.6990000000000001
1558,CHN,China,2016,0.6759999999999999
1559,CIV,Cote d'Ivoire,2016,0.597
1560,CMR,Cameroon,2016,0.684
1561,COD,"Congo, Dem. Rep.",2016,
1562,COL,Colombia,2016,0.727
1563,CPV,Cabo Verde,2016,0.7290000000000001
1564,CRI,Costa Rica,2016,0.736
1565,CUB,Cuba,2016,0.74
1566,CYP,Cyprus,2016,0.684
1567,CZE,Czech Republic,2016,0.69
1568,DEU,Germany,2016,0.7659999999999999
1569,DNK,Denmark,2016,0.754
1570,DOM,Dominican Republic,2016,0.6759999999999999
1571,DZA,Algeria,2016,0.642
1572,ECU,Ecuador,2016,0.726
1573,EGY,"Egypt, Arab Rep.",2016,0.614
1574,ESP,Spain,2016,0.738
1575,EST,Estonia,2016,0.747
1576,ETH,Ethiopia,2016,0.662
1577,FIN,Finland,2016,0.845
1578,FJI,Fiji,2016,
1579,FRA,France,2016,0.755
1580,GBR,United Kingdom,2016,0.752
1581,GEO,Georgia,2016,0.6809999999999999
1582,GHA,Ghana,2016,0.705
1583,GIN,Guinea,2016,0.64
1584,GMB,"Gambia, The",2016,0.667
1585,GRC,Greece,2016,0.68
1586,GTM,Guatemala,2016,0.6659999999999999
1587,GUY,Guyana,2016,
1588,HND,Honduras,2016,0.69
1589,HRV,Croatia,2016,0.7
1590,HUN,Hungary,2016,0.669
1591,IDN,Indonesia,2016,0.682
1592,IND,India,2016,0.6829999999999999
1593,IRL,Ireland,2016,0.797
1594,IRN,"Iran, Islamic Rep.",2016,0.5870000000000001
1595,IRQ,Iraq,2016,
1596,ISL,Iceland,2016,0.8740000000000001
1597,ISR,Israel,2016,0.7190000000000001
1598,ITA,Italy,2016,0.7190000000000001
1599,JAM,Jamaica,2016,0.7240000000000001
1600,JOR,Jordan,2016,0.603
1601,JPN,Japan,2016,0.66
1602,KAZ,Kazakhstan,2016,0.718
1603,KEN,Kenya,2016,0.7020000000000001
1604,KGZ,Kyrgyz Republic,2016,0.687
1605,KHM,Cambodia,2016,0.6579999999999999
1606,KOR,"Korea, Rep.",2016,0.649
1607,KWT,Kuwait,2016,0.624
1608,LAO,Lao PDR,2016,0.7240000000000001
1609,LBN,Lebanon,2016,0.598
1610,LBR,Liberia,2016,0.652
1611,LKA,Sri Lanka,2016,0.6729999999999999
1612,LSO,Lesotho,2016,0.706
1613,LTU,Lithuania,2016,0.7440000000000001
1614,LUX,Luxembourg,2016,0.7340000000000001
1615,LVA,Latvia,2016,0.755
1616,MAR,Morocco,2016,0.597
1617,MDA,Moldova,2016,0.741
1618,MDG,Madagascar,2016,0.7040000000000001
1619,MDV,Maldives,2016,0.65
1620,MEX,Mexico,2016,0.7
1621,MKD,"Macedonia, FYR",2016,0.696
1622,MLI,Mali,2016,0.591
1623,MLT,Malta,2016,0.664
1624,MMR,Myanmar,2016,
1625,MNE,Montenegro,2016,0.6809999999999999
1626,MNG,Mongolia,2016,0.705
1627,MOZ,Mozambique,2016,0.75
1628,MRT,Mauritania,2016,0.624
1629,MUS,Mauritius,2016,0.652
1630,MWI,Malawi,2016,0.7
1631,MYS,Malaysia,2016,0.6659999999999999
1632,NAM,Namibia,2016,0.765
1633,NGA,Nigeria,2016,0.643
1634,NIC,Nicaragua,2016,0.78
1635,NLD,Netherlands,2016,0.7559999999999999
1636,NOR,Norway,2016,0.8420000000000001
1637,NPL,Nepal,2016,0.6609999999999999
1638,NZL,New Zealand,2016,0.7809999999999999
1639,OMN,Oman,2016,0.612
1640,PAK,Pakistan,2016,0.556
1641,PAN,Panama,2016,0.721
1642,PER,Peru,2016,0.687
1643,PHL,Philippines,2016,0.7859999999999999
1644,POL,Poland,2016,0.727
1645,PRT,Portugal,2016,0.737
1646,PRY,Paraguay,2016,0.6759999999999999
1647,QAT,Qatar,2016,0.643
1648,ROU,Romania,2016,0.69
1649,RUS,Russian Federation,2016,0.691
1650,RWA,Rwanda,2016,0.8
1651,SAU,Saudi Arabia,2016,0.583
1652,SEN,Senegal,2016,0.685
1653,SGP,Singapore,2016,0.7120000000000001
1654,SLE,Sierra Leone,2016,
1655,SLV,El Salvador,2016,0.7020000000000001
1656,SRB,Serbia,2016,0.72
1657,SUR,Suriname,2016,0.679
1658,SVK,Slovak Republic,2016,0.679
1659,SVN,Slovenia,2016,0.7859999999999999
1660,SWE,Sweden,2016,0.815
1661,SWZ,Swaziland,2016,0.665
1662,SYR,Syrian Arab Republic,2016,0.5670000000000001
1663,TCD,Chad,2016,0.5870000000000001
1664,TGO,Togo,2016,
1665,THA,Thailand,2016,0.6990000000000001
1666,TJK,Tajikistan,2016,0.679
1667,TLS,Timor-Leste,2016,0.637
1668,TTO,Trinidad and Tobago,2016,0.723
1669,TUN,Tunisia,2016,0.636
1670,TUR,Turkey,2016,0.623
1671,TZA,Tanzania,2016,0.716
1672,UGA,Uganda,2016,0.7040000000000001
1673,UKR,Ukraine,2016,0.7
1674,URY,Uruguay,2016,0.6809999999999999
1675,USA,United States,2016,0.722
1676,UZB,Uzbekistan,2016,
1677,VEN,"Venezuela, RB",2016,0.6940000000000001
1678,VNM,Vietnam,2016,0.7
1679,YEM,"Yemen, Rep.",2016,0.516
1680,ZAF,South Africa,2016,0.764
1681,ZMB,Zambia,2016,
1682,ZWE,Zimbabwe,2016,0.71
1683,AGO,Angola,2018,0.633
1684,ALB,Albania,2018,0.7340000000000001
1685,ARE,United Arab Emirates,2018,0.642
1686,ARG,Argentina,2018,0.733
1687,ARM,Armenia,2018,0.6779999999999999
1688,AUS,Australia,2018,0.73
1689,AUT,Austria,2018,0.718
1690,AZE,Azerbaijan,2018,0.68
1691,BDI,Burundi,2018,0.741
1692,BEL,Belgium,2018,0.738
1693,BEN,Benin,2018,0.654
1694,BFA,Burkina Faso,2018,0.629
1695,BGD,Bangladesh,2018,0.721
1696,BGR,Bulgaria,2018,0.7559999999999999
1697,BHR,Bahrain,2018,0.627
1698,BHS,"Bahamas, The",2018,0.741
1699,BIH,Bosnia and Herzegovina,2018,0.7120000000000001
1700,BLR,Belarus,2018,0.747
1701,BLZ,Belize,2018,0.662
1702,BOL,Bolivia,2018,0.748
1703,BRA,Brazil,2018,0.6809999999999999
1704,BRB,Barbados,2018,0.753
1705,BRN,Brunei Darussalam,2018,0.6859999999999999
1706,BTN,Bhutan,2018,0.638
1707,BWA,Botswana,2018,0.715
1708,CAN,Canada,2018,0.7709999999999999
1709,CHE,Switzerland,2018,0.755
1710,CHL,Chile,2018,0.7170000000000001
1711,CHN,China,2018,0.6729999999999999
1712,CIV,Cote d'Ivoire,2018,0.627
1713,CMR,Cameroon,2018,0.7140000000000001
1714,COD,"Congo, Dem. Rep.",2018,0.5820000000000001
1715,COL,Colombia,2018,0.7290000000000001
1716,CPV,Cabo Verde,2018,0.7020000000000001
1717,CRI,Costa Rica,2018,0.7490000000000001
1718,CUB,Cuba,2018,0.7490000000000001
1719,CYP,Cyprus,2018,0.684
1720,CZE,Czech Republic,2018,0.693
1721,DEU,Germany,2018,0.7759999999999999
1722,DNK,Denmark,2018,0.778
1723,DOM,Dominican Republic,2018,0.701
1724,DZA,Algeria,2018,0.629
1725,ECU,Ecuador,2018,0.7290000000000001
1726,EGY,"Egypt, Arab Rep.",2018,0.614
1727,ESP,Spain,2018,0.746
1728,EST,Estonia,2018,0.7340000000000001
1729,ETH,Ethiopia,2018,0.6559999999999999
1730,FIN,Finland,2018,0.821
1731,FJI,Fiji,2018,0.669
1732,FRA,France,2018,0.779
1733,GBR,United Kingdom,2018,0.774
1734,GEO,Georgia,2018,0.677
1735,GHA,Ghana,2018,0.688
1736,GIN,Guinea,2018,0.6559999999999999
1737,GMB,"Gambia, The",2018,0.642
1738,GRC,Greece,2018,0.696
1739,GTM,Guatemala,2018,0.6679999999999999
1740,GUY,Guyana,2018,
1741,HND,Honduras,2018,0.706
1742,HRV,Croatia,2018,0.7120000000000001
1743,HUN,Hungary,2018,0.674
1744,IDN,Indonesia,2018,0.691
1745,IND,India,2018,0.665
1746,IRL,Ireland,2018,0.7959999999999999
1747,IRN,"Iran, Islamic Rep.",2018,0.589
1748,IRQ,Iraq,2018,0.551
1749,ISL,Iceland,2018,0.858
1750,ISR,Israel,2018,0.722
1751,ITA,Italy,2018,0.706
1752,JAM,Jamaica,2018,0.7240000000000001
1753,JOR,Jordan,2018,0.605
1754,JPN,Japan,2018,0.662
1755,KAZ,Kazakhstan,2018,0.7120000000000001
1756,KEN,Kenya,2018,0.7
1757,KGZ,Kyrgyz Republic,2018,0.691
1758,KHM,Cambodia,2018,0.6829999999999999
1759,KOR,"Korea, Rep.",2018,0.657
1760,KWT,Kuwait,2018,0.63
1761,LAO,Lao PDR,2018,0.748
1762,LBN,Lebanon,2018,0.595
1763,LBR,Liberia,2018,0.6809999999999999
1764,LKA,Sri Lanka,2018,0.6759999999999999
1765,LSO,Lesotho,2018,0.693
1766,LTU,Lithuania,2018,0.7490000000000001
1767,LUX,Luxembourg,2018,0.7120000000000001
1768,LVA,Latvia,2018,0.758
1769,MAR,Morocco,2018,0.607
1770,MDA,Moldova,2018,0.733
1771,MDG,Madagascar,2018,0.691
1772,MDV,Maldives,2018,0.662
1773,MEX,Mexico,2018,0.721
1774,MKD,"Macedonia, FYR",2018,0.7070000000000001
1775,MLI,Mali,2018,0.5820000000000001
1776,MLT,Malta,2018,0.6859999999999999
1777,MMR,Myanmar,2018,0.69
1778,MNE,Montenegro,2018,0.706
1779,MNG,Mongolia,2018,0.7140000000000001
1780,MOZ,Mozambique,2018,0.721
1781,MRT,Mauritania,2018,0.607
1782,MUS,Mauritius,2018,0.6629999999999999
1783,MWI,Malawi,2018,0.662
1784,MYS,Malaysia,2018,0.6759999999999999
1785,NAM,Namibia,2018,0.789
1786,NGA,Nigeria,2018,0.621
1787,NIC,Nicaragua,2018,0.809
1788,NLD,Netherlands,2018,0.747
1789,NOR,Norway,2018,0.835
1790,NPL,Nepal,2018,0.6709999999999999
1791,NZL,New Zealand,2018,0.8009999999999999
1792,OMN,Oman,2018,0.605
1793,PAK,Pakistan,2018,0.55
1794,PAN,Panama,2018,0.722
1795,PER,Peru,2018,0.72
1796,PHL,Philippines,2018,0.799
1797,POL,Poland,2018,0.728
1798,PRT,Portugal,2018,0.732
1799,PRY,Paraguay,2018,0.672
1800,QAT,Qatar,2018,0.629
1801,ROU,Romania,2018,0.711
1802,RUS,Russian Federation,2018,0.701
1803,RWA,Rwanda,2018,0.804
1804,SAU,Saudi Arabia,2018,0.59
1805,SEN,Senegal,2018,0.682
1806,SGP,Singapore,2018,0.7070000000000001
1807,SLE,Sierra Leone,2018,0.6609999999999999
1808,SLV,El Salvador,2018,0.69
1809,SRB,Serbia,2018,0.73
1810,SUR,Suriname,2018,0.695
1811,SVK,Slovak Republic,2018,0.693
1812,SVN,Slovenia,2018,0.784
1813,SWE,Sweden,2018,0.8220000000000001
1814,SWZ,Swaziland,2018,
1815,SYR,Syrian Arab Republic,2018,0.568
1816,TCD,Chad,2018,0.58
1817,TGO,Togo,2018,0.618
1818,THA,Thailand,2018,0.7020000000000001
1819,TJK,Tajikistan,2018,0.638
1820,TLS,Timor-Leste,2018,0.638
1821,TTO,Trinidad and Tobago,2018,
1822,TUN,Tunisia,2018,0.648
1823,TUR,Turkey,2018,0.628
1824,TZA,Tanzania,2018,0.7040000000000001
1825,UGA,Uganda,2018,0.7240000000000001
1826,UKR,Ukraine,2018,0.708
1827,URY,Uruguay,2018,0.715
1828,USA,United States,2018,0.72
1829,UZB,Uzbekistan,2018,
1830,VEN,"Venezuela, RB",2018,0.7090000000000001
1831,VNM,Vietnam,2018,0.698
1832,YEM,"Yemen, Rep.",2018,0.499
1833,ZAF,South Africa,2018,0.755
1834,ZMB,Zambia,2018,
1835,ZWE,Zimbabwe,2018,0.721
1836,AGO,Angola,2019,
1837,ALB,Albania,2019,
1838,ARE,United Arab Emirates,2019,
1839,ARG,Argentina,2019,
1840,ARM,Armenia,2019,
1841,AUS,Australia,2019,
1842,AUT,Austria,2019,
1843,AZE,Azerbaijan,2019,
1844,BDI,Burundi,2019,
1845,BEL,Belgium,2019,
1846,BEN,Benin,2019,
1847,BFA,Burkina Faso,2019,
1848,BGD,Bangladesh,2019,
1849,BGR,Bulgaria,2019,
1850,BHR,Bahrain,2019,
1851,BHS,"Bahamas, The",2019,
1852,BIH,Bosnia and Herzegovina,2019,
1853,BLR,Belarus,2019,
1854,BLZ,Belize,2019,
1855,BOL,Bolivia,2019,
1856,BRA,Brazil,2019,
1857,BRB,Barbados,2019,
1858,BRN,Brunei Darussalam,2019,
1859,BTN,Bhutan,2019,
1860,BWA,Botswana,2019,
1861,CAN,Canada,2019,
1862,CHE,Switzerland,2019,
1863,CHL,Chile,2019,
1864,CHN,China,2019,
1865,CIV,Cote d'Ivoire,2019,
1866,CMR,Cameroon,2019,
1867,COD,"Congo, Dem. Rep.",2019,
1868,COL,Colombia,2019,
1869,CPV,Cabo Verde,2019,
1870,CRI,Costa Rica,2019,
1871,CUB,Cuba,2019,
1872,CYP,Cyprus,2019,
1873,CZE,Czech Republic,2019,
1874,DEU,Germany,2019,
1875,DNK,Denmark,2019,
1876,DOM,Dominican Republic,2019,
1877,DZA,Algeria,2019,
1878,ECU,Ecuador,2019,
1879,EGY,"Egypt, Arab Rep.",2019,
1880,ESP,Spain,2019,
1881,EST,Estonia,2019,
1882,ETH,Ethiopia,2019,
1883,FIN,Finland,2019,
1884,FJI,Fiji,2019,
1885,FRA,France,2019,
1886,GBR,United Kingdom,2019,
1887,GEO,Georgia,2019,
1888,GHA,Ghana,2019,
1889,GIN,Guinea,2019,
1890,GMB,"Gambia, The",2019,
1891,GRC,Greece,2019,
1892,GTM,Guatemala,2019,
1893,GUY,Guyana,2019,
1894,HND,Honduras,2019,
1895,HRV,Croatia,2019,
1896,HUN,Hungary,2019,
1897,IDN,Indonesia,2019,
1898,IND,India,2019,
1899,IRL,Ireland,2019,
1900,IRN,"Iran, Islamic Rep.",2019,
1901,IRQ,Iraq,2019,
1902,ISL,Iceland,2019,
1903,ISR,Israel,2019,
1904,ITA,Italy,2019,
1905,JAM,Jamaica,2019,
1906,JOR,Jordan,2019,
1907,JPN,Japan,2019,
1908,KAZ,Kazakhstan,2019,
1909,KEN,Kenya,2019,
1910,KGZ,Kyrgyz Republic,2019,
1911,KHM,Cambodia,2019,
1912,KOR,"Korea, Rep.",2019,
1913,KWT,Kuwait,2019,
1914,LAO,Lao PDR,2019,
1915,LBN,Lebanon,2019,
1916,LBR,Liberia,2019,
1917,LKA,Sri Lanka,2019,
1918,LSO,Lesotho,2019,
1919,LTU,Lithuania,2019,
1920,LUX,Luxembourg,2019,
1921,LVA,Latvia,2019,
1922,MAR,Morocco,2019,
1923,MDA,Moldova,2019,
1924,MDG,Madagascar,2019,
1925,MDV,Maldives,2019,
1926,MEX,Mexico,2019,
1927,MKD,"Macedonia, FYR",2019,
1928,MLI,Mali,2019,
1929,MLT,Malta,2019,
1930,MMR,Myanmar,2019,
1931,MNE,Montenegro,2019,
1932,MNG,Mongolia,2019,
1933,MOZ,Mozambique,2019,
1934,MRT,Mauritania,2019,
1935,MUS,Mauritius,2019,
1936,MWI,Malawi,2019,
1937,MYS,Malaysia,2019,
1938,NAM,Namibia,2019,
1939,NGA,Nigeria,2019,
1940,NIC,Nicaragua,2019,
1941,NLD,Netherlands,2019,
1942,NOR,Norway,2019,
1943,NPL,Nepal,2019,
1944,NZL,New Zealand,2019,
1945,OMN,Oman,2019,
1946,PAK,Pakistan,2019,
1947,PAN,Panama,2019,
1948,PER,Peru,2019,
1949,PHL,Philippines,2019,
1950,POL,Poland,2019,
1951,PRT,Portugal,2019,
1952,PRY,Paraguay,2019,
1953,QAT,Qatar,2019,
1954,ROU,Romania,2019,
1955,RUS,Russian Federation,2019,
1956,RWA,Rwanda,2019,
1957,SAU,Saudi Arabia,2019,
1958,SEN,Senegal,2019,
1959,SGP,Singapore,2019,
1960,SLE,Sierra Leone,2019,
1961,SLV,El Salvador,2019,
1962,SRB,Serbia,2019,
1963,SUR,Suriname,2019,
1964,SVK,Slovak Republic,2019,
1965,SVN,Slovenia,2019,
1966,SWE,Sweden,2019,
1967,SWZ,Swaziland,2019,
1968,SYR,Syrian Arab Republic,2019,
1969,TCD,Chad,2019,
1970,TGO,Togo,2019,
1971,THA,Thailand,2019,
1972,TJK,Tajikistan,2019,
1973,TLS,Timor-Leste,2019,
1974,TTO,Trinidad and Tobago,2019,
1975,TUN,Tunisia,2019,
1976,TUR,Turkey,2019,
1977,TZA,Tanzania,2019,
1978,UGA,Uganda,2019,
1979,UKR,Ukraine,2019,
1980,URY,Uruguay,2019,
1981,USA,United States,2019,
1982,UZB,Uzbekistan,2019,
1983,VEN,"Venezuela, RB",2019,
1984,VNM,Vietnam,2019,
1985,YEM,"Yemen, Rep.",2019,
1986,ZAF,South Africa,2019,
1987,ZMB,Zambia,2019,
1988,ZWE,Zimbabwe,2019,
